{
  "$schema": "https://schema.management.azure.com/schemas/2019-04-01/deploymentParameters.json#",
  "contentVersion": "1.0.0.0",
  "parameters": {
    "utcValue": {
      "value": "GEN-UNIQUE"
    },
    "adminUsername": {
      "value": "GEN-UNIQUE"
    },
    "adminPasswordOrKey": {
      "value": "GEN-PASSWORD"
    },
    "dnsNameForPublicIP": {
      "value": "GEN-UNIQUE-13"
    },
    "userEmail": {
      "value": "GEN-UNIQUE@domain.com"
    },
    "hostname": {
      "value": "GEN-UNIQUE.domain.com"
    },
    "token": {
      "value": "GEN-GUID"
    },
    "imageChoice": {
      "value": "Ubuntu 22.04 LTS (gen 2)"  
    },
    "virtualMachineSize": {
      "value": "Standard_D2s_v3" 
    },
    "authenticationType": {
      "value": "password"  
    },
    "installDocViewer": {
      "value": "false"  
    },
    "understanding": {
      "value": "true"  
    },
    "randomGUID": {
      "value": "GEN-GUID"
    },
    "randomPassword": {
      "value": "GEN-PASSWORD"
    },
    "dnsAndPublicIpResourceGroupName": {
      "value": "GEN-UNIQUE"
    },
    "dnsAndPublicIpNewOrExisting": {
      "value": "new"
    }
  }
}

